{
  "version": 1,
  "total_learned": 10,
  "wins": 3,
  "losses": 7,
  "win_rate_7d": 0.2857142857142857,
  "win_rate_30d": 0.3,
  "avg_pnl": -0.24268754397853068,
  "sharpe": -0.649,
  "thresholds": {
    "rsi_oversold": 45,
    "rsi_overbought": 55,
    "signal_min": 2,
    "take_profit": 0.015,
    "stop_loss": 0.03,
    "trailing_stop": 0.02
  },
  "weights": {
    "ma_cross": 1,
    "rsi": 1,
    "macd": 1,
    "volume": 1,
    "trend_alignment": 1.0,
    "rsi_divergence": 1.0,
    "volume_confirm": 1.0,
    "macd_cross": 1.0,
    "bb_bounce": 1.0,
    "momentum": 1.0,
    "near_support": 0.85,
    "rsi_divergence_bull": 0.85
  },
  "symbol_memory": {
    "LINKUSD": {
      "wins": 1,
      "losses": 1,
      "total_pnl": -0.6291312773831725,
      "avg_pnl": -0.31456563869158627,
      "win_rate": 0.5,
      "trades": 2
    },
    "UNIUSD": {
      "wins": 0,
      "losses": 2,
      "total_pnl": -1.2124748217445245,
      "avg_pnl": -0.6062374108722622,
      "win_rate": 0.0,
      "trades": 2
    },
    "AAVEUSD": {
      "wins": 1,
      "losses": 0,
      "total_pnl": 0.24116883175645432,
      "avg_pnl": 0.24116883175645432,
      "win_rate": 1.0,
      "trades": 1
    },
    "SOLUSD": {
      "wins": 0,
      "losses": 1,
      "total_pnl": -0.4836902916842389,
      "avg_pnl": -0.4836902916842389,
      "win_rate": 0.0,
      "trades": 1
    },
    "LTCUSD": {
      "wins": 0,
      "losses": 1,
      "total_pnl": -0.2213421382382304,
      "avg_pnl": -0.2213421382382304,
      "win_rate": 0.0,
      "trades": 1
    },
    "ETHUSD": {
      "wins": 0,
      "losses": 2,
      "total_pnl": -0.2301569758458072,
      "avg_pnl": -0.1150784879229036,
      "win_rate": 0.0,
      "trades": 2
    },
    "XRPUSD": {
      "wins": 1,
      "losses": 0,
      "total_pnl": 0.10875123335421216,
      "avg_pnl": 0.10875123335421216,
      "win_rate": 1.0,
      "trades": 1
    }
  },
  "hour_performance": {
    "6": {
      "wins": 0,
      "losses": 2,
      "total_pnl": -1.7331769330111713,
      "trades": 2
    },
    "12": {
      "wins": 1,
      "losses": 1,
      "total_pnl": 0.06394653523982871,
      "trades": 2
    },
    "14": {
      "wins": 2,
      "losses": 4,
      "total_pnl": -0.7576450420139644,
      "trades": 6
    }
  },
  "open_trades": {
    "DOTUSD": {
      "entry_price": 1.43746,
      "entry_time": "2026-03-14T12:04:56.895876",
      "entry_hour": 12,
      "score": 4.58,
      "regime": "recovery",
      "rsi": 55.05,
      "vol_ratio": 0.0,
      "trend_slope": 0.0199,
      "signals_fired": [
        "trend_bear",
        "rsi_overbought",
        "rsi_divergence_bull",
        "macd_bull",
        "near_support"
      ]
    },
    "AVAXUSD": {
      "entry_price": 9.56645,
      "entry_time": "2026-03-14T15:03:01.215385",
      "entry_hour": 15,
      "score": 2.25,
      "regime": "recovery",
      "rsi": 56.52,
      "vol_ratio": 3.668,
      "trend_slope": 0.0164,
      "signals_fired": [
        "trend_bear",
        "rsi_overbought",
        "rsi_divergence_bull",
        "near_support",
        "vol_confirm"
      ]
    },
    "BTCUSD": {
      "entry_price": 70604.15,
      "entry_time": "2026-03-14T15:54:53.193051",
      "entry_hour": 15,
      "score": 1.73,
      "regime": "recovery",
      "rsi": 51.31,
      "vol_ratio": 0.297,
      "trend_slope": 0.0034,
      "signals_fired": [
        "rsi_divergence_bull",
        "near_support"
      ]
    },
    "LTCUSD": {
      "entry_price": 54.45655,
      "entry_time": "2026-03-14T16:01:33.671635",
      "entry_hour": 16,
      "score": 3.34,
      "regime": "recovery",
      "rsi": 20.85,
      "vol_ratio": 0.0,
      "trend_slope": -0.0683,
      "signals_fired": [
        "trend_bear",
        "rsi_oversold",
        "rsi_divergence_bull",
        "near_support"
      ]
    }
  },
  "closed_trades": [
    {
      "symbol": "LINKUSD",
      "entry": 9.05605,
      "exit": 8.994905,
      "pnl_pct": -0.6751839930212571,
      "won": false,
      "reason": "signal_sell",
      "regime": "recovery",
      "score": 6.51,
      "rsi": 35.69,
      "vol_ratio": 0.0,
      "signals_fired": [
        "trend_bear",
        "ma_cross_bear",
        "rsi_oversold",
        "rsi_divergence_bull",
        "near_support",
        "stabilising"
      ],
      "time": "2026-03-14T12:02:54.701743"
    },
    {
      "symbol": "UNIUSD",
      "entry": 3.966,
      "exit": 3.92404,
      "pnl_pct": -1.0579929399899142,
      "won": false,
      "reason": "signal_sell",
      "regime": "recovery",
      "score": 6.51,
      "rsi": 20.57,
      "vol_ratio": 0.0,
      "signals_fired": [
        "trend_bear",
        "rsi_oversold",
        "rsi_divergence_bull",
        "near_support",
        "stabilising"
      ],
      "time": "2026-03-14T12:02:54.722667"
    },
    {
      "symbol": "AAVEUSD",
      "entry": 110.5035,
      "exit": 110.77,
      "pnl_pct": 0.24116883175645432,
      "won": true,
      "reason": "signal_sell",
      "regime": "recovery",
      "score": 3.85,
      "rsi": 18.93,
      "vol_ratio": 0.046,
      "signals_fired": [
        "trend_bear",
        "rsi_oversold",
        "bb_lower",
        "near_support",
        "stabilising"
      ],
      "time": "2026-03-14T14:03:04.853243"
    },
    {
      "symbol": "SOLUSD",
      "entry": 87.2228886445,
      "exit": 86.801,
      "pnl_pct": -0.4836902916842389,
      "won": false,
      "reason": "signal_sell",
      "regime": "recovery",
      "score": 4.04,
      "rsi": 77.01,
      "vol_ratio": 0.031,
      "signals_fired": [
        "ma_cross_bull",
        "rsi_overbought",
        "rsi_divergence_bull",
        "near_support"
      ],
      "time": "2026-03-14T14:15:53.895484"
    },
    {
      "symbol": "LTCUSD",
      "entry": 54.6665,
      "exit": 54.5455,
      "pnl_pct": -0.2213421382382304,
      "won": false,
      "reason": "signal_sell",
      "regime": "recovery",
      "score": 5.78,
      "rsi": 77.14,
      "vol_ratio": 0.0,
      "signals_fired": [
        "ma_cross_bull",
        "rsi_overbought",
        "rsi_divergence_bull",
        "near_support"
      ],
      "time": "2026-03-14T14:44:34.070683"
    },
    {
      "symbol": "ETHUSD",
      "entry": 2075.0775,
      "exit": 2071.4,
      "pnl_pct": -0.1772222965166256,
      "won": false,
      "reason": "signal_sell",
      "regime": "recovery",
      "score": 3.5,
      "rsi": 43.98,
      "vol_ratio": 2.781,
      "signals_fired": [
        "trend_bear",
        "rsi_oversold",
        "near_support",
        "vol_confirm"
      ],
      "time": "2026-03-14T14:46:37.867466"
    },
    {
      "symbol": "XRPUSD",
      "entry": 1.38849,
      "exit": 1.39,
      "pnl_pct": 0.10875123335421216,
      "won": true,
      "reason": "signal_sell",
      "regime": "recovery",
      "score": 2.12,
      "rsi": 42.61,
      "vol_ratio": 0.0,
      "signals_fired": [
        "trend_bear",
        "rsi_oversold",
        "bb_lower",
        "near_support"
      ],
      "time": "2026-03-14T14:52:46.402700"
    },
    {
      "symbol": "ETHUSD",
      "entry": 2073.31,
      "exit": 2072.2125,
      "pnl_pct": -0.052934679329181576,
      "won": false,
      "reason": "signal_sell",
      "regime": "recovery",
      "score": 1.39,
      "rsi": 63.61,
      "vol_ratio": 0.084,
      "signals_fired": [
        "rsi_overbought",
        "rsi_divergence_bull",
        "near_support"
      ],
      "time": "2026-03-14T15:00:58.158518"
    },
    {
      "symbol": "LINKUSD",
      "entry": 9.000555,
      "exit": 9.0047,
      "pnl_pct": 0.04605271563808453,
      "won": true,
      "reason": "signal_sell",
      "regime": "recovery",
      "score": 2.43,
      "rsi": 77.65,
      "vol_ratio": 0.206,
      "signals_fired": [
        "rsi_overbought",
        "rsi_divergence_bull",
        "near_support"
      ],
      "time": "2026-03-14T15:54:53.146274"
    },
    {
      "symbol": "UNIUSD",
      "entry": 3.9325,
      "exit": 3.926425,