{
  "version": 1,
  "total_learned": 24,
  "wins": 8,
  "losses": 16,
  "win_rate_7d": 0.42857142857142855,
  "win_rate_30d": 0.35,
  "avg_pnl": -0.12322175923132539,
  "sharpe": -0.361,
  "thresholds": {
    "rsi_oversold": 45,
    "rsi_overbought": 55,
    "signal_min": 3,
    "take_profit": 0.015,
    "stop_loss": 0.03,
    "trailing_stop": 0.02
  },
  "weights": {
    "ma_cross": 1,
    "rsi": 1,
    "macd": 1,
    "volume": 1,
    "trend_alignment": 1.0,
    "rsi_divergence": 1.0,
    "volume_confirm": 1.0,
    "macd_cross": 1.0,
    "bb_bounce": 1.0,
    "momentum": 1.0,
    "near_support": 0.85,
    "rsi_divergence_bull": 0.55,
    "rsi_overbought": 0.7
  },
  "symbol_memory": {
    "LINKUSD": {
      "wins": 2,
      "losses": 1,
      "total_pnl": -0.22348557833893828,
      "avg_pnl": -0.0744951927796461,
      "win_rate": 0.6666666666666666,
      "trades": 3
    },
    "UNIUSD": {
      "wins": 0,
      "losses": 2,
      "total_pnl": -1.2124748217445245,
      "avg_pnl": -0.6062374108722622,
      "win_rate": 0.0,
      "trades": 2
    },
    "AAVEUSD": {
      "wins": 1,
      "losses": 1,
      "total_pnl": 0.22178304559519776,
      "avg_pnl": 0.11089152279759888,
      "win_rate": 0.5,
      "trades": 2
    },
    "SOLUSD": {
      "wins": 1,
      "losses": 1,
      "total_pnl": -0.4726371201724162,
      "avg_pnl": -0.2363185600862081,
      "win_rate": 0.5,
      "trades": 2
    },
    "LTCUSD": {
      "wins": 2,
      "losses": 1,
      "total_pnl": 0.17293362790298766,
      "avg_pnl": 0.05764454263432922,
      "win_rate": 0.6666666666666666,
      "trades": 3
    },
    "ETHUSD": {
      "wins": 0,
      "losses": 2,
      "total_pnl": -0.2301569758458072,
      "avg_pnl": -0.1150784879229036,
      "win_rate": 0.0,
      "trades": 2
    },
    "XRPUSD": {
      "wins": 2,
      "losses": 0,
      "total_pnl": 0.27953373427297756,
      "avg_pnl": 0.13976686713648878,
      "win_rate": 1.0,
      "trades": 2
    },
    "AVAXUSD": {
      "wins": 0,
      "losses": 1,
      "total_pnl": -0.004129013374859609,
      "avg_pnl": -0.004129013374859609,
      "win_rate": 0.0,
      "trades": 1
    },
    "BTCUSD": {
      "wins": 0,
      "losses": 4,
      "total_pnl": -0.14888064232396783,
      "avg_pnl": -0.03722016058099196,
      "win_rate": 0.0,
      "trades": 4
    },
    "DOTUSD": {
      "wins": 0,
      "losses": 2,
      "total_pnl": -0.7571564829191553,
      "avg_pnl": -0.37857824145957764,
      "win_rate": 0.0,
      "trades": 2
    },
    "PEPEUSD": {
      "wins": 0,
      "losses": 1,
      "total_pnl": -0.14903129657227876,
      "avg_pnl": -0.14903129657227876,
      "win_rate": 0.0,
      "trades": 1
    }
  },
  "hour_performance": {
    "6": {
      "wins": 0,
      "losses": 2,
      "total_pnl": -1.7331769330111713,
      "trades": 2
    },
    "12": {
      "wins": 1,
      "losses": 2,
      "total_pnl": -0.28493273792255436,
      "trades": 3
    },
    "14": {
      "wins": 2,
      "losses": 4,
      "total_pnl": -0.7576450420139644,
      "trades": 6
    },
    "15": {
      "wins": 0,
      "losses": 2,
      "total_pnl": -0.06535558433421178,
      "trades": 2
    },
    "16": {
      "wins": 5,
      "losses": 3,
      "total_pnl": 0.405062845125733,
      "trades": 8
    },
    "17": {
      "wins": 0,
      "losses": 3,
      "total_pnl": -0.08765407136461567,
      "trades": 3
    }
  },
  "open_trades": {
    "AAVEUSD": {
      "entry_price": 110.885,
      "entry_time": "2026-03-14T17:04:00.113910",
      "entry_hour": 17,
      "score": 4.04,
      "regime": "recovery",
      "rsi": 72.49,
      "vol_ratio": 0.0,
      "trend_slope": 0.105,
      "signals_fired": [
        "ma_cross_bull",
        "rsi_overbought",
        "rsi_divergence_bull",
        "near_support"
      ]
    },
    "DOTUSD": {
      "entry_price": 1.4302,
      "entry_time": "2026-03-14T17:40:40.245811",
      "entry_hour": 17,
      "score": 3.66,
      "regime": "recovery",
      "rsi": 28.7,
      "vol_ratio": 0.089,
      "trend_slope": -0.08,
      "signals_fired": [
        "trend_bear",
        "rsi_oversold",
        "rsi_divergence_bull",
        "near_support",
        "stabilising"
      ]
    },
    "BTCUSD": {
      "entry_price": 70672.135,
      "entry_time": "2026-03-14T17:49:12.485883",
      "entry_hour": 17,
      "score": 3.85,
      "regime": "recovery",
      "rsi": 38.06,
      "vol_ratio": 0.16,
      "trend_slope": -0.0275,
      "signals_fired": [
        "trend_bear",
        "rsi_oversold",
        "macd_bull",
        "near_support"
      ]
    }
  },
  "closed_trades": [
    {
      "symbol": "LINKUSD",
      "entry": 9.05605,
      "exit": 8.994905,
      "pnl_pct": -0.6751839930212571,
      "won": false,
      "reason": "signal_sell",
      "regime": "recovery",
      "score": 6.51,
      "rsi": 35.69,
      "vol_ratio": 0.0,
      "signals_fired": [
        "trend_bear",
        "ma_cross_bear",
        "rsi_oversold",
        "rsi_divergence_bull",
        "near_support",
        "stabilising"
      ],
      "time": "2026-03-14T12:02:54.701743"
    },
    {
      "symbol": "UNIUSD",
      "entry": 3.966,
      "exit": 3.92404,
      "pnl_pct": -1.0579929399899142,
      "won": false,
      "reason": "signal_sell",
      "regime": "recovery",
      "score": 6.51,
      "rsi": 20.57,
      "vol_ratio": 0.0,
      "signals_fired": [
        "trend_bear",
        "rsi_oversold",
        "rsi_divergence_bull",
        "near_support",
        "stabilising"
      ],
      "time": "2026-03-14T12:02:54.722667"
    },
    {
      "symbol": "AAVEUSD",
      "entry": 110.5035,
      "exit": 110.77,
      "pnl_pct": 0.24116883175645432,
      "won": true,
      "reason": "signal_sell",
      "regime": "recovery",
      "score": 3.85,
      "rsi": 18.93,
      "vol_ratio": 0.046,
      "signals_fired": [
        "trend_bear",
        "rsi_oversold",
        "bb_lower",
        "near_support",
        "stabilising"
      ],
      "time": "2026-03-14T14:03:04.853243"
    },
    {
      "symbol": "SOLUSD",
      "entry": 87.2228886445,
      "exit": 86.801,
      "pnl_pct": -0.4836902916842389,
      "won": false,
      "reason": "signal_sell",
      "regime": "recovery",
      "score": 4.04,
      "rsi": 77.01,
      "vol_ratio": 0.031,
      "signals_fired": [
        "ma_cross_bull",
        "rsi_overbought",
        "rsi_divergence_bull",
        "near_support"
      ],
      "time": "2026-03-14T14:15:53.895484"
    },
    {
      "symbol": "LTCUSD",
      "entry": 54.6665,
      "exit": 54.5455,
      "pnl_pct": -0.2213421382382304,
      "won": false,
      "reason": "signal_sell",
      "regime": "recovery",
      "score": 5.78,
      "rsi": 77.14,
      "vol_ratio": 0.0,
      "signals_fired": [
        "ma_cross_bull",
        "rsi_overbought",
        "rsi_divergence_bull",
        "near_support"
      ],
      "time": "2026-03-14T14:44:34.070683"
    },
    {
      "symbol": "ETHUSD",
      "entry": 2075.0775,
      "exit": 2071.4,
      "pnl_pct": -0.1772222965166256,
      "won": false,
      "reason": "signal_sell",
      "regime": "recovery",
      "score": 3.5,
      "rsi": 43.98,
      "vol_ratio": 2.781,
      "signals_fired": [
        "trend_bear",
        "rsi_oversold",
        "near_support",
        "vol_confirm"
      ],
      "time": "2026-03-14T14:46:37.867466"
    },
    {
      "symbol": "XRPUSD",
      "entry": 1.38849,
      "exit": 1.39,
      "pnl_pct": 0.10875123335421216,
      "won": true,
      "reason": "signal_sell",
      "regime": "recovery",
      "score": 2.12,
      "rsi": 42.61,
      "vol_ratio": 0.0,
      "signals_fired": [
        "trend_bear",
        "rsi_oversold",
        "bb_lower",
        "near_support"
      ],
      "time": "2026-03-14T14:52:46.402700"
    },
    {
      "symbol": "ETHUSD",
      "entry": 2073.31,
      "exit": 2072.2125,
      "pnl_pct": -0.052934679329181576,
      "won": false,
      "reason": "signal_sell",