{
  "version": 2,
  "total_learned": 44,
  "wins": 13,
  "losses": 1,
  "win_rate_7d": 1.0,
  "win_rate_30d": 0.9285714285714286,
  "avg_pnl": 1.1462017692480286,
  "sharpe": 0.754,
  "thresholds": {
    "take_profit": 0.025,
    "stop_loss": 0.03,
    "trailing_stop": 0.015,
    "signal_min": 5,
    "rsi_oversold": 35,
    "rsi_overbought": 65
  },
  "weights": {
    "trend_alignment": 1.0,
    "rsi_divergence": 0.5,
    "volume_confirm": 0.6,
    "macd_cross": 0.7,
    "bb_bounce": 1.8,
    "momentum": 1.0,
    "bb_lower": 1.15,
    "squeeze_building": 1.15,
    "trend_bull": 1.15,
    "volume_breakout_bull": 1.15
  },
  "symbol_memory": {
    "DOTUSD": {
      "wins": 2,
      "losses": 5,
      "total_pnl": -0.5,
      "avg_pnl": -0.07,
      "win_rate": 0.29,
      "trades": 7
    },
    "BTCUSD": {
      "wins": 2,
      "losses": 5,
      "total_pnl": -0.3,
      "avg_pnl": -0.04,
      "win_rate": 0.29,
      "trades": 7
    },
    "LTCUSD": {
      "wins": 1,
      "losses": 3,
      "total_pnl": -0.6115746477497311,
      "avg_pnl": -0.15289366193743278,
      "win_rate": 0.25,
      "trades": 4
    },
    "XRPUSD": {
      "wins": 0,
      "losses": 2,
      "total_pnl": -0.2,
      "avg_pnl": -0.1,
      "win_rate": 0.0,
      "trades": 2
    },
    "ETHUSD": {
      "wins": 0,
      "losses": 2,
      "total_pnl": -0.15,
      "avg_pnl": -0.07,
      "win_rate": 0.0,
      "trades": 2
    },
    "AAVEUSD": {
      "wins": 2,
      "losses": 1,
      "total_pnl": 1.0915916234195169,
      "avg_pnl": 0.3638638744731723,
      "win_rate": 0.6666666666666666,
      "trades": 3
    },
    "PEPEUSD": {
      "wins": 2,
      "losses": 1,
      "total_pnl": 5.546806774127743,
      "avg_pnl": 1.8489355913759145,
      "win_rate": 0.6666666666666666,
      "trades": 3
    },
    "SOLUSD": {
      "wins": 2,
      "losses": 1,
      "total_pnl": 1.7658714079166107,
      "avg_pnl": 0.5886238026388703,
      "win_rate": 0.6666666666666666,
      "trades": 3
    },
    "AVAXUSD": {
      "wins": 2,
      "losses": 1,
      "total_pnl": 0.6380341814954775,
      "avg_pnl": 0.2126780604984925,
      "win_rate": 0.6666666666666666,
      "trades": 3
    },
    "LINKUSD": {
      "wins": 0,
      "losses": 2,
      "total_pnl": -0.2,
      "avg_pnl": -0.1,
      "win_rate": 0.0,
      "trades": 2
    },
    "UNIUSD": {
      "wins": 2,
      "losses": 1,
      "total_pnl": 1.3634486688528669,
      "avg_pnl": 0.4544828896176223,
      "win_rate": 0.6666666666666666,
      "trades": 3
    },
    "SHIBUSD": {
      "wins": 2,
      "losses": 0,
      "total_pnl": 3.7325143815081896,
      "avg_pnl": 1.8662571907540948,
      "win_rate": 1.0,
      "trades": 2
    },
    "DOGEUSD": {
      "wins": 1,
      "losses": 0,
      "total_pnl": 0.20531604948697402,
      "avg_pnl": 0.20531604948697402,
      "win_rate": 1.0,
      "trades": 1
    },
    "SUSHIUSD": {
      "wins": 1,
      "losses": 0,
      "total_pnl": 1.8086203777025351,
      "avg_pnl": 1.8086203777025351,
      "win_rate": 1.0,
      "trades": 1
    },
    "BCHUSD": {
      "wins": 1,
      "losses": 0,
      "total_pnl": 0.15619595271221526,
      "avg_pnl": 0.15619595271221526,
      "win_rate": 1.0,
      "trades": 1
    }
  },
  "hour_performance": {
    "14": {
      "wins": 2,
      "losses": 3,
      "total_pnl": -0.14380404728778473,
      "trades": 5
    },
    "15": {
      "wins": 1,
      "losses": 2,
      "total_pnl": -0.2,
      "trades": 3
    },
    "16": {
      "wins": 3,
      "losses": 5,
      "total_pnl": -0.3,
      "trades": 8
    },
    "17": {
      "wins": 2,
      "losses": 6,
      "total_pnl": -0.4,
      "trades": 8
    },
    "18": {
      "wins": 1,
      "losses": 3,
      "total_pnl": -0.2,
      "trades": 4
    },
    "19": {
      "wins": 4,
      "losses": 2,
      "total_pnl": 2.4305955235303633,
      "trades": 6
    },
    "7": {
      "wins": 1,
      "losses": 0,
      "total_pnl": 0.0858369098712438,
      "trades": 1
    },
    "9": {
      "wins": 1,
      "losses": 0,
      "total_pnl": 0.19567746346423023,
      "trades": 1
    },
    "8": {
      "wins": 1,
      "losses": 1,
      "total_pnl": 0.43521492476228174,
      "trades": 2
    },
    "20": {
      "wins": 2,
      "losses": 0,
      "total_pnl": 1.3776791519096843,
      "trades": 2
    },
    "22": {
      "wins": 1,
      "losses": 0,
      "total_pnl": 1.6201939444523805,
      "trades": 1
    },
    "23": {
      "wins": 1,
      "losses": 0,
      "total_pnl": 1.0915916234195169,
      "trades": 1
    },
    "5": {
      "wins": 1,
      "losses": 0,
      "total_pnl": 3.646677471636946,
      "trades": 1
    },
    "6": {
      "wins": 1,
      "losses": 0,
      "total_pnl": 4.907161803713537,
      "trades": 1
    }
  },
  "regime_performance": {
    "crash": {
      "wins": 0,
      "losses": 0
    },
    "bear": {
      "wins": 0,
      "losses": 0
    },
    "recovery": {
      "wins": 11,
      "losses": 21
    },
    "bull": {
      "wins": 11,
      "losses": 1
    }
  },
  "signal_type_performance": {
    "bb_lower": {
      "wins": 6,
      "losses": 0,
      "trades": 6
    },
    "stabilising": {
      "wins": 6,
      "losses": 4,
      "trades": 10
    },
    "rsi_oversold": {
      "wins": 10,
      "losses": 10,
      "trades": 20
    },
    "trend_bear": {
      "wins": 9,
      "losses": 12,
      "trades": 21
    },
    "macd_bull": {
      "wins": 3,
      "losses": 7,
      "trades": 10
    },
    "rsi_overbought": {
      "wins": 9,
      "losses": 9,
      "trades": 18
    },
    "vol_confirm": {
      "wins": 8,
      "losses": 5,
      "trades": 13
    },
    "rsi_divergence_bull": {
      "wins": 6,
      "losses": 12,
      "trades": 18
    },
    "ma_cross_bull": {
      "wins": 5,
      "losses": 4,
      "trades": 9
    },
    "macd_bear": {
      "wins": 1,
      "losses": 0,
      "trades": 1
    },
    "momentum_down": {
      "wins": 2,
      "losses": 0,
      "trades": 2
    },
    "squeeze_building": {
      "wins": 7,
      "losses": 0,
      "trades": 7
    },
    "trend_bull": {
      "wins": 10,
      "losses": 1,
      "trades": 11
    },
    "rsi_divergence_bear": {
      "wins": 4,
      "losses": 0,
      "trades": 4
    },
    "volume_breakout_bull": {
      "wins": 6,
      "losses": 1,
      "trades": 7
    },
    "near_resistance": {
      "wins": 3,
      "losses": 1,
      "trades": 4
    },
    "volume_breakout_bear": {
      "wins": 1,
      "losses": 0,
      "trades": 1
    },
    "support_bounce": {
      "wins": 2,
      "losses": 0,
      "trades": 2
    },
    "pattern_morning_star": {
      "wins": 1,
      "losses": 0,
      "trades": 1
    },
    "bb_upper": {
      "wins": 4,
      "losses": 0,
      "trades": 4
    },
    "resistance_breakout": {
      "wins": 4,
      "losses": 0,
      "trades": 4
    },
    "squeeze_bull_breakout": {
      "wins": 1,
      "losses": 0,
      "trades": 1
    },
    "volatility_expanding_bull": {
      "wins": 2,
      "losses": 0,
      "trades": 2
    }
  },
  "open_trades": {
    "YFIUSD": {
      "entry_price": 2579.9335,
      "entry_time": "2026-03-15T08:44:03.953179",
      "entry_hour": 8,
      "score": 5.744,
      "regime": "bull",
      "rsi": 55.97,
      "vol_ratio": 5.754,
      "trend_slope": 0.0171,
      "signals_fired": [
        "trend_bull",
        "rsi_divergence_bear",
        "vol_confirm",
        "volume_breakout_bull"
      ]
    },
    "XTZUSD": {
      "entry_price": 0.3804245,
      "entry_time": "2026-03-15T09:13:41.622848",
      "entry_hour": 9,
      "score": 5.2,
      "regime": "bull",
      "rsi": 91.34,
      "vol_ratio": 0.0,
      "trend_slope": 0.1581,
      "signals_fired": [
        "trend_bull",
        "ma_cross_bull",
        "rsi_overbought",
        "near_support_range"
      ]
    },
    "AVAXUSD": {
      "entry_price": 10.25065,
      "entry_time": "2026-03-16T09:03:38.957585",
      "entry_hour": 9,
      "score": 13.6136,